pred_next_games_played_per,pred_next_goals_per_game,pred_next_assists_per_game,playerId
0.7324626,0.10096172,0.13881025,8470595
0.8026578,0.020858293,0.15453935,8470600
0.7516003,0.09439798,0.13461357,8470604
0.75898606,0.11995153,0.13867512,8470610
0.9035506,0.07591544,0.26504058,8470613
0.5592157,0.13595062,0.15759987,8470621
0.86555916,0.3588304,0.33788657,8470638
0.87253094,0.21832784,0.36324245,8470794
0.6710481,0.029802961,0.13104913,8470966
0.8720689,0.50351566,0.3404308,8471214
0.90244067,0.17908601,0.40203518,8471215
0.6305642,0.113022014,0.26597425,8471218
0.6508238,0.06188112,0.14273073,8471274
0.8303276,0.12558603,0.34435102,8471276
0.5554652,0.034898963,0.121149205,8471303
0.83032936,0.14153114,0.24158669,8471669
0.87359124,0.31308505,0.44153303,8471675
0.5380079,0.020540422,0.09699691,8471677
0.8871295,0.14752126,0.33251,8471685
0.53830004,0.023948988,0.121541284,8471686
0.59575003,0.19747014,0.20804544,8471698
0.68226504,0.083409816,0.115192436,8471699
0.47527876,0.027498892,0.090092935,8471709
0.8425085,0.06329912,0.26499864,8471724
0.43526793,0.07371352,0.108820416,8471794
0.4732191,0.060178217,0.08059072,8471817
0.5087779,0.061674345,0.13293295,8471873
0.44145542,0.13980344,0.14378986,8471887
0.8639181,0.19465931,0.33718058,8473419
0.7731479,0.088721305,0.18238962,8473422
0.5776286,0.03714634,0.11174198,8473446
0.47029477,0.1054106,0.14694642,8473449
0.7447642,0.079181366,0.12094813,8473453
0.67306674,0.09900013,0.1740096,8473473
0.6895985,0.07319025,0.10123595,8473504
0.6153157,0.025316915,0.14320882,8473507
0.807773,0.13487041,0.26502612,8473512
0.8673401,0.120996855,0.23155719,8473533
0.74144727,0.12310034,0.19843976,8473544
0.34867263,0.084947474,0.11076098,8473548
0.7594509,0.1265109,0.22543594,8473563
0.7994859,0.14232565,0.25158775,8473604
0.7051618,0.16096257,0.19723019,8473986
0.7021273,0.18680601,0.25257525,8473994
0.75247496,0.08123059,0.11259662,8474009
0.7787448,0.018981105,0.12653315,8474013
0.5596614,0.0372237,0.111427866,8474027
0.5950819,0.039962698,0.16442806,8474031
0.77228206,0.06927466,0.1401079,8474034
0.87963617,0.15919048,0.23450035,8474037
0.58429337,0.13127203,0.1675659,8474040
0.8414959,0.122637734,0.18964553,8474053
0.40658242,0.07375332,0.10962435,8474062
0.37935653,0.07982527,0.11475987,8474089
0.52146316,0.032534193,0.10307027,8474090
0.5340119,0.123516165,0.18567108,8474102
0.7271338,0.14653742,0.28060964,8474141
0.29069203,0.017819634,0.08073381,8474145
0.63508457,0.14284869,0.1942602,8474149
0.88390946,0.20767714,0.2690352,8474150
0.8458445,0.021285897,0.17039232,8474151
0.7990464,0.13256674,0.22144838,8474157
0.4609999,0.12126899,0.18551841,8474161
0.44811994,0.05817811,0.1328452,8474162
0.62434155,0.0380395,0.11845026,8474166
0.85970795,0.0968838,0.15400258,8474189
0.39531872,0.09017777,0.09748659,8474190
0.57522184,0.037796367,0.13309571,8474207
0.3022963,0.030982671,0.10953667,8474218
0.8792248,0.08356253,0.35178483,8474563
0.8863466,0.25859016,0.34616214,8474564
0.8866658,0.055418756,0.29448453,8474565
0.59348387,0.03350812,0.11807636,8474567
0.7265511,0.023477783,0.10454892,8474568
0.51685244,0.09124942,0.15622717,8474573
0.777071,0.032775488,0.14761607,8474574
0.9182992,0.07437114,0.37279293,8474578
0.7887428,0.16103889,0.34354872,8474586
0.8458205,0.08588482,0.36974072,8474590
0.8716763,0.16311726,0.53799164,8474600
0.5038924,0.050452705,0.19081074,8474602
0.36462995,0.09865883,0.13632451,8474610
0.5259528,0.029533362,0.09412236,8474612
0.7217177,0.12974389,0.1938901,8474613
0.5424906,0.04243202,0.12546097,8474618
0.47678357,0.08732846,0.15758051,8474628
0.81294256,0.10921578,0.14342265,8474641
0.76227784,0.030685378,0.15988897,8474673
0.8789454,0.13463788,0.25266522,8474679
0.6057185,0.08559061,0.114547886,8474683
0.32293144,0.049860682,0.09864054,8474697
0.45546865,0.024405142,0.08621254,8474709
0.5720471,0.13201113,0.17234299,8474715
0.85950637,0.07322365,0.23424585,8474716
0.5020133,0.06134649,0.1271802,8474818
0.80914927,0.11645036,0.17427734,8474870
0.66177344,0.09621056,0.15520908,8474884
0.85397685,0.13336396,0.21883465,8475149
0.87168133,0.21036226,0.24438868,8475151
0.89246505,0.20592819,0.29878825,8475158
0.2795511,0.11259841,0.1267791,8475160
0.44476703,0.16200913,0.17859781,8475163
0.6141796,0.08917595,0.120233424,8475164
0.88778013,0.37974277,0.350698,8475166
0.88435566,0.09028976,0.40308866,8475167
0.82672614,0.21266569,0.32340395,8475168
0.7655922,0.34959888,0.22773825,8475169
0.85064214,0.17045398,0.29034758,8475170
0.8628836,0.056973774,0.25144568,8475171
0.8807949,0.32149938,0.4306957,8475172
0.60840595,0.03825331,0.14459124,8475177
0.5540459,0.07468751,0.10744762,8475178
0.7023709,0.030647812,0.13872166,8475179
0.8060858,0.03439698,0.19488233,8475181
0.872067,0.39276206,0.28964964,8475184
0.7385033,0.025649412,0.15814517,8475188
0.66680986,0.14760822,0.17952739,8475191
0.8353053,0.13030519,0.21502168,8475193
0.6391462,0.05645333,0.21219017,8475197
0.7920576,0.06777327,0.26410267,8475200
0.74328077,0.031530354,0.1614489,8475208
0.8891685,0.087871775,0.3021209,8475218
0.8139194,0.075862646,0.18462054,8475220
0.6462688,0.10462757,0.12807956,8475225
0.48293573,0.040358383,0.10852625,8475227
0.7825417,0.07681559,0.13725658,8475231
0.5324436,0.024713134,0.09992313,8475233
0.28294107,0.031876955,0.049195167,8475235
0.35566202,0.07679787,0.12272141,8475278
0.7076034,0.036235746,0.12416888,8475279
0.86551684,0.14055829,0.22232403,8475287
0.893547,0.33398736,0.30691993,8475314
0.7661094,0.025986454,0.16172253,8475324
0.7808402,0.105907254,0.13989608,8475343
0.562907,0.06381058,0.16841315,8475413
0.69831413,0.021789288,0.13839759,8475455
0.46824136,0.107808635,0.16989584,8475461
0.5965176,0.0071062194,0.11233569,8475462
0.5608995,0.040685836,0.112937294,8475625
0.7860328,0.029937392,0.16358557,8475690
0.8257257,0.14827599,0.4634414,8475692
0.74141026,0.105498046,0.14366092,8475714
0.4554804,0.018304264,0.103347935,8475718
0.8089524,0.26551777,0.2790205,8475722
0.95394045,0.31313968,0.31912217,8475726
0.8420946,0.12825987,0.30405152,8475744
0.8654977,0.16664386,0.2405983,8475745
0.5426177,0.013805916,0.09184284,8475747
0.43376702,0.030530317,0.09745484,8475750
0.47389096,0.07170498,0.10559393,8475752
0.8945949,0.060548287,0.29194605,8475753
0.9264705,0.24268202,0.3168459,8475754
0.38708273,0.045664262,0.11921217,8475755
0.76170504,0.1334261,0.15702628,8475760
0.599072,0.04088163,0.11864095,8475762
0.7606512,0.13849784,0.2101777,8475763
0.91086537,0.054153588,0.30423096,8475764
0.65462977,0.083496,0.1461718,8475765
0.17487325,0.0381377,0.037858617,8475766
0.87631255,0.3318771,0.32293838,8475768
0.5324814,0.09486036,0.11100421,8475780
0.8977951,0.2558074,0.29935664,8475784
0.9248406,0.40711987,0.35499212,8475786
0.5282022,0.03597499,0.11693045,8475790
0.80139315,0.2019231,0.26568532,8475791
0.80679065,0.14974675,0.25478426,8475793
0.7757051,0.25507802,0.3371423,8475794
0.44171402,0.052661497,0.10964874,8475795
0.32763442,0.015957003,0.060482975,8475797
0.8519041,0.14236145,0.3484333,8475798
0.75343984,0.15638374,0.18288256,8475799
0.76633567,0.2548346,0.26597378,8475810
0.26643938,0.019337034,0.06986777,8475825
0.4723589,0.063316226,0.08151852,8475842
0.80995995,0.17833169,0.20935123,8475848
0.6719491,0.12719147,0.2220386,8475855
0.33176064,0.04235169,0.09127029,8475857
0.73132527,0.06300355,0.2454544,8475906
0.8643544,0.29051575,0.51840353,8475913
0.3601901,0.06775432,0.14289403,8475958
0.37825114,0.102227464,0.13835266,8475968
0.3698047,0.07286658,0.12087805,8476166
0.6623785,0.091275126,0.12031648,8476278
0.86230373,0.11790504,0.23247324,8476292
0.4748917,0.09587594,0.11637051,8476310
0.7858528,0.05490016,0.18624079,8476312
0.5577501,0.059686836,0.11192372,8476326
0.64304584,0.11629054,0.14904007,8476329
0.81359,0.036195647,0.19624284,8476331
0.9786979,0.18730965,0.52549326,8476346
0.504714,0.015112032,0.10209932,8476372
0.72715575,0.09052278,0.114192195,8476374
0.8621011,0.2667512,0.36857963,8476389
0.6220849,0.073484704,0.18922944,8476390
0.32003963,0.09572647,0.12854604,8476391
0.8880879,0.122526176,0.21115904,8476392
0.70900035,0.11946471,0.18075109,8476393
0.83423537,0.19941606,0.2265475,8476399
0.14513804,0.044879165,0.08845391,8476404
0.6855539,0.13968718,0.19034196,8476410
0.8701611,0.14149186,0.24245292,8476419
0.48097765,0.048637565,0.16253264,8476422
0.24456416,0.04864454,0.09309464,8476425
0.53295135,0.028971305,0.09963585,8476429
0.823925,0.34089893,0.30914488,8476432
0.63439494,0.087397374,0.11147306,8476438
0.5028624,0.13487518,0.13456687,8476439
0.64205676,0.033452358,0.13085395,8476441
0.4264082,0.05510809,0.07782406,8476442
0.86809504,0.23462622,0.30894074,8476448
0.38013148,0.037716802,0.12894666,8476449
0.963251,0.3686007,1.0463545,8476453
0.95154434,0.21335103,0.40964377,8476454
0.9144748,0.220536,0.4983707,8476456
0.7888621,0.050631594,0.19401875,8476457
0.8973435,0.14101101,0.24801992,8476458
0.920344,0.26222163,0.4366323,8476459
0.8892499,0.33355033,0.53669393,8476460
0.82073426,0.2303762,0.33453092,8476461
0.7490546,0.11402601,0.38414723,8476462
0.8216325,0.058425363,0.20295763,8476463
0.60498834,0.03673066,0.124071054,8476467
0.8042333,0.28566417,0.57655656,8476468
0.7568802,0.09299557,0.1308641,8476469
0.40313798,0.02389284,0.081483535,8476470
0.6590336,0.03954022,0.11631078,8476473
0.8321562,0.19758144,0.27841228,8476474
0.94103926,0.16581796,0.35472712,8476479
0.88323885,0.11836106,0.23653771,8476480
0.8649476,0.30272198,0.31507763,8476483
0.6244615,0.057816703,0.15820919,8476525
0.7811156,0.1680925,0.21514466,8476539
0.57675594,0.067021854,0.08753692,8476624
0.35867244,0.0654235,0.147716,8476779
0.79496956,0.07821297,0.32988742,8476792
0.6997941,0.06417056,0.10275956,8476822
0.8527356,0.12944038,0.24163082,8476826
0.29685086,0.035558615,0.12309524,8476850
0.28455204,0.059093047,0.10827593,8476851
0.7994351,0.06413342,0.38865677,8476853
0.8216314,0.06994076,0.2902772,8476854
0.75834644,0.035444926,0.15365306,8476856
0.4958777,0.06467251,0.12000709,8476858
0.27548316,0.05549987,0.099967994,8476867
0.7836014,0.092169955,0.2249742,8476869
0.6865604,0.08254862,0.14585888,8476871
0.7957193,0.13237244,0.17724615,8476872
0.6841674,0.15519243,0.15174869,8476873
0.5806426,0.036552977,0.15546721,8476874
0.85594267,0.093962975,0.38527906,8476875
0.67665493,0.06454973,0.13360932,8476878
0.706065,0.0280269,0.15087648,8476879
0.92892635,0.21652877,0.27255395,8476880
0.91104627,0.4007626,0.41119906,8476881
0.77461874,0.11805829,0.22924367,8476882
0.3508149,0.039169725,0.12861443,8476884
0.73136586,0.04071087,0.1613056,8476885
0.85890627,0.29984957,0.29723415,8476887
0.81370825,0.09380107,0.14738262,8476889
0.6960232,0.029770112,0.19847725,8476891
0.84763145,0.10253083,0.2718749,8476892
0.77566063,0.09913589,0.1758212,8476897
0.73209566,0.042732287,0.16676956,8476902
0.8645105,0.14678787,0.35401785,8476905
0.8504887,0.0909716,0.32191563,8476906
0.36550483,0.059695076,0.094640516,8476907
0.4233105,0.056555387,0.10421214,8476913
0.3254859,0.05102254,0.08707116,8476915
0.8088422,0.04477701,0.18999365,8476917
0.632368,0.09511094,0.1374035,8476918
0.32987398,0.05930512,0.117054366,8476919
0.9326397,0.18232389,0.27655137,8476921
0.7974576,0.061456364,0.25317132,8476923
0.86268574,0.101002604,0.16326371,8476925
0.83431655,0.084103435,0.15824394,8476927
0.7716669,0.040893037,0.19755918,8476931
0.25414282,0.051155698,0.05885845,8476934
0.3621589,0.034816246,0.17723693,8476941
0.50885725,0.09971692,0.1312649,8476948
0.22391109,0.060986105,0.11043788,8476952
0.883026,0.06822443,0.26900703,8476958
0.6009154,0.110522404,0.12451049,8476960
0.619277,0.053761337,0.16534477,8476967
0.7064399,0.053053897,0.25390583,8476979
0.76243067,0.1303449,0.15875007,8476981
0.2500777,0.011099388,0.07481641,8476988
0.5126218,0.106593646,0.13177194,8476994
0.6788317,0.124789216,0.175322,8477015
0.41181773,0.039397027,0.14711264,8477018
0.9027146,0.12672812,0.2108797,8477021
0.4223094,0.014248137,0.10518292,8477034
0.13531126,0.041521717,0.03529584,8477070
0.18428119,0.007929732,0.045538645,8477073
0.48445687,0.058503058,0.10306197,8477126
0.31346497,0.057897847,0.09183649,8477149
0.3337449,0.11406363,0.13644093,8477210
0.74389404,0.05801485,0.19465378,8477220
0.3605772,0.027978314,0.09514109,8477244
0.33953455,0.035432164,0.09529417,8477320
0.8701905,0.21705873,0.23147413,8477330
0.23280145,0.008868073,0.056655433,8477335
0.4660252,0.12057221,0.141349,8477341
0.85579616,0.07300338,0.31327766,8477346
0.5705657,0.073215686,0.09883512,8477353
0.49183896,0.06738371,0.10260143,8477357
0.310279,0.043164898,0.14016259,8477359
0.57070893,0.023263251,0.119797625,8477365
0.5973097,0.036690574,0.11741943,8477369
0.35844395,0.08971978,0.13226822,8477380
0.104086354,0.016583642,0.0355916,8477384
0.5084918,0.09989295,0.12257344,8477392
0.28185654,0.047284033,0.109434985,8477401
0.92347646,0.2311694,0.34316978,8477402
0.96112794,0.38260746,0.3865571,8477404
0.77342594,0.07038912,0.12613408,8477406
0.7522781,0.11978958,0.1787905,8477407
0.9520978,0.21855922,0.31743607,8477409
0.8619518,0.2044247,0.31373712,8477416
0.7331848,0.12855047,0.18831246,8477425
0.8482856,0.23334466,0.24368869,8477426
0.8625451,0.11460726,0.1891134,8477429
0.37799245,0.027755773,0.102934845,8477433
0.45487624,0.040426787,0.10842102,8477435
0.6531287,0.115236424,0.2035458,8477444
0.7485891,0.08669564,0.12577827,8477446
0.76604074,0.12927563,0.660362,8477447
0.7967337,0.120255195,0.15668409,8477450
0.73827004,0.19911355,0.21392766,8477451
0.19437422,0.038673464,0.040001255,8477454
0.8806125,0.16119996,0.2611241,8477456
0.38887927,0.08074335,0.107351296,8477460
0.22260822,0.0095937,0.07016166,8477462
0.26134932,0.027001632,0.11493563,8477463
0.3083768,0.09582262,0.12168474,8477464
0.3307697,0.03314664,0.123923875,8477467
0.33598545,0.030713832,0.110319756,8477471
0.45692182,0.102286085,0.1335262,8477473
0.9490174,0.4154338,0.34131318,8477476
0.52583885,0.09379666,0.105973385,8477478
0.9399433,0.24004789,0.2991668,8477479
0.50760174,0.09145368,0.12364202,8477482
0.93576485,0.0694033,0.27510953,8477488
0.8762652,0.43745002,0.90364957,8477492
0.846906,0.2644864,0.6347004,8477493
0.83137566,0.17605853,0.4715369,8477494
0.8698492,0.09529391,0.3383997,8477495
0.88214827,0.24439059,0.32871953,8477496
0.8665303,0.2794551,0.39822507,8477497
0.86688554,0.08984899,0.27774844,8477498
0.65801525,0.038765553,0.14134337,8477499
0.92017114,0.24294892,0.30313736,8477500
0.9308449,0.47026017,0.4203022,8477501
0.7931376,0.13242458,0.23876016,8477503
0.8884631,0.09704522,0.46636632,8477504
0.96442443,0.12986821,0.29809198,8477505
0.7341093,0.045676794,0.18269232,8477506
0.8054654,0.050943043,0.18081352,8477507
0.40994528,0.060583714,0.09358228,8477508
0.5480793,0.14514253,0.21681549,8477511
0.27350202,0.057162274,0.101895206,8477520
0.3388448,0.036860254,0.05687162,8477527
0.34616014,0.043505047,0.113265224,8477541
0.6884707,0.08956507,0.11499005,8477573
0.5572872,0.047398698,0.12914729,8477810
0.63264817,0.07780833,0.13341832,8477839
0.713383,0.031525355,0.14128004,8477845
0.3917466,0.06460333,0.10873795,8477846
0.34445593,0.028815148,0.10888293,8477851
0.31316614,0.054258067,0.079310186,8477887
0.57175165,0.0591158,0.09707413,8477903
0.6287392,0.13133413,0.12778895,8477919
0.62114614,0.06135631,0.106704734,8477930
0.47774866,0.051128265,0.08521705,8477931
0.8967298,0.10760208,0.3621981,8477932
0.9203952,0.33099896,0.360438,8477933
0.87752175,0.41429934,0.7476118,8477934
0.8766834,0.265314,0.34553206,8477935
0.45146322,0.035693716,0.118992455,8477938
0.9588076,0.3403393,0.44710132,8477939
0.8608304,0.29958808,0.4428149,8477940
0.7778728,0.11411802,0.18941471,8477941
0.9476683,0.2893381,0.45198613,8477942
0.07069816,0.04233261,0.083329715,8477944
0.8748647,0.48785153,0.5524011,8477946
0.088863924,0.028469471,0.11189269,8477947
0.9472771,0.074891225,0.2674878,8477948
0.9575622,0.27339417,0.36601564,8477949
0.6738317,0.06945477,0.32609865,8477950
0.89939904,0.24012916,0.4053005,8477951
0.7980411,0.13900813,0.18158644,8477952
0.624458,0.08569195,0.14198588,8477953
0.9052111,0.26918155,0.3171382,8477955
0.8547381,0.4841345,0.67457944,8477956
0.8781162,0.30750778,0.38352633,8477960
0.33751696,0.05374178,0.07141239,8477962
0.909572,0.24070075,0.3374916,8477964
0.8203944,0.039673787,0.24587041,8477969
0.21510468,0.006456678,0.05693468,8477971
0.39777997,0.07171188,0.08624575,8477979
0.26433071,0.025365552,0.08220648,8477981
0.91884094,0.121132486,0.43748575,8477986
0.8309104,0.23721537,0.29255685,8477987
0.8000051,0.11335826,0.17116486,8477989
0.2380387,0.034857605,0.09375375,8477993
0.8942099,0.30741575,0.280558,8477998
0.9807116,0.3880601,0.42640224,8478010
0.21698697,0.026954768,0.14024508,8478011
0.87607074,0.12131804,0.3118293,8478013
0.2761454,0.024745619,0.098210536,8478017
0.68477684,0.10050245,0.14386918,8478020
0.23489515,0.016555062,0.07209898,8478021
0.6170161,0.07623455,0.1398237,8478028
0.92616796,0.096417055,0.39545846,8478038
0.81548417,0.26171798,0.31499523,8478042
0.66386217,0.10622641,0.13171493,8478043
0.70424354,0.09399522,0.16446485,8478046
0.95827323,0.22213307,0.347348,8478047
0.27648038,0.055750426,0.10568891,8478051
0.8547648,0.0963797,0.28436038,8478055
0.36359444,0.0621725,0.13405591,8478056
0.77185404,0.11719235,0.14921078,8478057
0.27422017,0.011750837,0.09011123,8478062
0.62269324,0.10148277,0.13828579,8478067
0.37148187,0.0927429,0.17239341,8478075
0.44817957,0.082647055,0.10871383,8478078
0.4218511,0.14196558,0.14329053,8478099
0.43683153,0.053727288,0.074817635,8478104
0.33144173,0.17680521,0.11095802,8478109
0.7485106,0.14650902,0.17659605,8478115
0.7445104,0.08453179,0.16103186,8478133
0.71385187,0.057043325,0.17044063,8478136
0.42648256,0.055571336,0.103689425,8478146
0.49476993,0.04798658,0.10017202,8478147
0.3471104,0.07781328,0.10885342,8478173
0.66870165,0.05112883,0.23422515,8478178
0.30754268,0.06943715,0.09497111,8478211
0.9912774,0.23361719,0.33403602,8478233
0.73175275,0.1336205,0.16359438,8478366
0.36427838,0.09085216,0.11790443,8478373
0.87995446,0.0911804,0.35166875,8478396
0.9014874,0.09237504,0.34480256,8478397
0.927974,0.44973594,0.40248683,8478398
0.6566047,0.034271944,0.15074642,8478399
0.16613992,0.048998643,0.092827894,8478400
0.9293531,0.18448415,0.32579827,8478401
0.9244464,0.40151915,1.022933,8478402
0.85654616,0.37373975,0.4659552,8478403
0.8138584,0.12153402,0.45386672,8478407
0.26385224,0.016213795,0.10155422,8478408
0.23229511,0.055783343,0.13207847,8478409
0.7353363,0.11005757,0.17758763,8478413
0.87569606,0.2869812,0.28982723,8478414
0.3441529,0.024545794,0.124522276,8478415
0.7552551,0.03707556,0.17314164,8478416
0.8378421,0.40388197,0.5430719,8478420
0.5482017,0.049432125,0.08932579,8478421
0.4615062,0.06615739,0.11682471,8478424
0.87865776,0.31181222,0.5145551,8478427
0.31345436,0.028835682,0.13475811,8478430
0.63111746,0.091962285,0.14332807,8478431
0.62640357,0.08228044,0.11430279,8478432
0.9001457,0.11058347,0.18963882,8478434
0.81410277,0.17641886,0.25263605,8478438
0.8347626,0.35302317,0.47531965,8478439
0.8647559,0.25524214,0.4308787,8478440
0.6544398,0.02908334,0.12200459,8478443
0.9731375,0.2819471,0.34919792,8478444
0.8292967,0.33354178,0.64199364,8478445
0.32187235,0.06633697,0.106728785,8478446
0.93083197,0.2689464,0.38021442,8478449
0.455431,0.017526677,0.11361673,8478450
0.48845348,0.034000997,0.13620499,8478451
0.2663969,0.012496506,0.101404406,8478452
0.43750927,0.016332453,0.09057658,8478454
0.3653981,0.091592856,0.095394455,8478455
0.85858494,0.2329911,0.33115196,8478458
0.8417211,0.19828065,0.6787736,8478460
0.8700979,0.17479464,0.25684717,8478462
0.8576069,0.22088335,0.23815456,8478463
0.35178313,0.026289826,0.12025341,8478465
0.46322557,0.056351837,0.11494375,8478466
0.48946363,0.035749298,0.1084275,8478468
0.84475964,0.1159376,0.44032627,8478469
0.69614434,0.1250215,0.19154228,8478472
0.54550767,0.12938133,0.1273841,8478474
0.46285635,0.045501906,0.15427706,8478476
0.28222334,0.051888186,0.10150082,8478477
0.9458761,0.34281442,0.917294,8478483
0.39548665,0.032553535,0.111653246,8478491
0.85499865,0.37979072,0.36900637,8478493
0.56092584,0.11114788,0.16061865,8478495
0.97952193,0.38336346,0.30378726,8478498
0.9149081,0.060424898,0.27207097,8478500
0.33010098,0.019261783,0.081388645,8478502
0.1903642,0.012199719,0.09152355,8478506
0.79847986,0.039718743,0.23150077,8478507
0.81568664,0.08938002,0.14776675,8478508
0.46953705,0.08153361,0.122958876,8478512
0.90717965,0.23977031,0.33241943,8478519
0.86207825,0.20149866,0.31581736,8478542
0.96105874,0.3139354,0.49536788,8478550
0.6965811,0.062495146,0.09985205,8478569
0.6463976,0.07246182,0.10871909,8478585
0.6146337,0.09830916,0.11706147,8478831
0.6274532,0.041578423,0.15480717,8478840
0.32981297,0.011559238,0.09699228,8478841
0.74385065,0.14212699,0.16690284,8478843
0.4273887,0.037330594,0.14559992,8478846
0.6681637,0.032154124,0.15267693,8478851
0.40880787,0.030239267,0.11436916,8478854
0.8821864,0.23527803,0.37175608,8478856
0.7998626,0.043198835,0.18577273,8478859
0.786798,0.47941405,0.5647632,8478864
0.5965587,0.13772081,0.17330608,8478870
0.9036995,0.28252107,0.45725054,8478873
0.6101434,0.09899532,0.12142887,8478874
0.35735902,0.05228788,0.10334211,8478881
0.9024559,0.058865715,0.22523828,8478882
0.80845714,0.12728429,0.17932104,8478891
0.70864767,0.10759102,0.13503815,8478904
0.77959293,0.051085357,0.19950473,8478911
0.5056262,0.088184334,0.12191569,8478967
0.71590394,0.06433742,0.20361197,8478970
0.8456007,0.25009733,0.3470334,8478975
0.39262927,0.09461372,0.12695183,8479022
0.5690369,0.03000488,0.1287663,8479026
0.61539155,0.06776561,0.13933025,8479066
0.2911491,0.08659889,0.10627519,8479249
0.2739471,0.024623891,0.11464443,8479252
0.52875376,0.06736511,0.10492211,8479291
0.61289763,0.06394631,0.105149336,8479293
0.43258017,0.0513614,0.17200427,8479304
1.0137608,0.29613775,0.66916955,8479314
0.44991156,0.08294386,0.11705796,8479315
0.7091421,0.1005362,0.11296371,8479316
0.8385586,0.4936305,0.4492492,8479318
0.48825184,0.028743817,0.13723537,8479320
0.285441,0.010024046,0.100528635,8479321
0.7082855,0.085104205,0.12342938,8479322
0.9506569,0.13757162,0.6769492,8479323
0.77014416,0.043524962,0.1920613,8479324
0.8595777,0.10152198,0.39007962,8479325
0.4438937,0.10650325,0.10126538,8479328
0.43044877,0.03748754,0.13144436,8479329
0.3271512,0.065987505,0.108527906,8479330
0.3295525,0.021135887,0.117715634,8479333
0.29791114,0.08458609,0.10671323,8479335
0.5015512,0.060536627,0.061597195,8479336
0.95627946,0.33504912,0.3908431,8479337
0.39263335,0.0076462375,0.10558107,8479338
0.57214034,0.16504227,0.2144013,8479339
0.41663963,0.04881608,0.12515703,8479341
0.8289407,0.3846165,0.5798409,8479343
0.5309479,0.11725333,0.11929908,8479344
0.78839266,0.15015481,0.41413617,8479345
0.7800074,0.15344474,0.22683421,8479346
0.35625508,0.01476637,0.12013192,8479348
0.8543401,0.12503107,0.22895053,8479351
0.8213909,0.15185706,0.183979,8479353
0.3715748,0.055896353,0.07826989,8479356
0.5998616,0.109134585,0.12273515,8479359
0.277918,0.04347158,0.0729306,8479362
0.82425183,0.1566796,0.18198402,8479365
0.4751548,0.0835294,0.13373928,8479366
0.48906592,0.05380596,0.10435369,8479367
0.33149204,0.059259187,0.086077146,8479368
0.4821046,0.024926072,0.11088116,8479369
0.4891071,0.09554011,0.12863055,8479370
0.6708525,0.06436,0.19506404,8479371
0.40172723,0.030246219,0.11328659,8479372
0.32982865,0.01915153,0.10949703,8479376
0.49822444,0.027154272,0.08876937,8479378
0.25646296,0.042629827,0.06020735,8479379
0.5631342,0.113717645,0.140124,8479383
0.9588831,0.30180827,0.43322188,8479385
0.44711825,0.020618564,0.10168781,8479387
0.12442662,-6.5470864e-05,0.054235365,8479388
0.8195236,0.17107315,0.21465841,8479390
0.5825969,0.10374449,0.09727346,8479393
0.3699212,0.04737648,0.14525265,8479395
0.82569885,0.061422054,0.33297047,8479398
0.96262026,0.31413028,0.4694211,8479400
0.39378017,0.025553135,0.12624979,8479402
0.9476957,0.23382254,0.37736467,8479407
0.89670616,0.117316596,0.5631698,8479410
0.55658215,0.06032985,0.100019135,8479414
0.72449374,0.15108386,0.2275896,8479415
0.5035892,0.0871932,0.13277514,8479419
0.9325194,0.43819243,0.46472615,8479420
0.45448038,0.020785933,0.12848578,8479421
0.37158996,0.06037378,0.145565,8479423
0.86517423,0.07913472,0.3809956,8479425
0.39910975,0.041358124,0.122071885,8479439
0.4486048,0.025562933,0.093386896,8479442
0.33657432,0.023414036,0.08684138,8479458
0.39231846,0.073095486,0.100704335,8479465
0.5611138,0.09750372,0.12897466,8479514
0.40687978,0.07489334,0.11935849,8479518
0.8690093,0.13869068,0.16650537,8479520
0.3996235,0.0263082,0.1159619,8479522
0.60480446,0.03263728,0.15615575,8479523
0.8488624,0.20147482,0.24753705,8479525
0.5214236,0.111543015,0.1287616,8479526
0.40800124,0.04270527,0.0793794,8479533
0.26076823,0.084475614,0.10890556,8479536
0.9738419,0.34222195,0.50807995,8479542
0.13921787,0.025345257,0.014950822,8479543
0.4258089,0.043869432,0.11974151,8479546
0.6043946,0.08983695,0.14694506,8479547
0.3259413,0.04993562,0.11027331,8479550
0.47988638,0.0720333,0.11995884,8479573
0.3837069,0.01350065,0.08072368,8479576
0.36564636,0.018213307,0.10225425,8479578
0.44821885,0.07604158,0.10505531,8479580
0.726389,0.13142218,0.17224556,8479591
0.48627982,0.039152663,0.1429569,8479594
0.24083452,0.0048271017,0.11056266,8479602
0.3956346,0.05472027,0.097882695,8479619
0.7451413,0.14958583,0.14054851,8479638
0.5165247,0.03190286,0.1521564,8479639
0.4120927,0.092842184,0.122306,8479644
0.71230984,0.072876476,0.17043068,8479661
0.99505615,0.17426708,0.19981316,8479671
0.85748065,0.24813272,0.26763466,8479675
0.4115198,0.060523186,0.08738031,8479705
0.57313526,0.10757762,0.12809055,8479718
0.45994726,0.068389885,0.11769772,8479746
0.31877494,0.06638334,0.05498069,8479772
0.7636555,0.1206849,0.15657629,8479941
0.30166656,0.071025446,0.100600265,8479942
0.7688767,0.10135561,0.10233601,8479944
0.37668422,0.036036443,0.11770264,8479945
0.48746872,0.08394576,0.110316895,8479968
0.21567635,0.100512065,0.08888548,8479972
0.60450643,0.04603156,0.19403686,8479976
0.4216799,0.100847915,0.16194142,8479977
0.70191246,0.046605933,0.16084796,8479980
0.3967561,0.054631177,0.056746196,8479981
0.5144154,0.026505893,0.1720797,8479982
0.80348724,0.042006787,0.17146322,8479983
0.32507682,0.028184919,0.0814471,8479984
0.4704221,0.017654723,0.120971955,8479985
0.9492627,0.3107194,0.36746877,8479987
0.44938752,0.0684201,0.10354053,8479991
0.8684077,0.15964524,0.18596317,8479992
0.2483043,0.061965514,0.10301455,8479994
0.7638233,0.16397788,0.22792725,8479996
0.9166886,0.0613867,0.2581587,8479998
0.8861043,0.1791238,0.3447963,8479999
0.42056793,0.01838102,0.12537108,8480001
0.917237,0.36579585,0.46816325,8480002
0.75169224,0.1299285,0.17347774,8480003
0.48116753,0.077528656,0.12729107,8480007
0.5879868,0.1282344,0.22432803,8480008
0.9546231,0.20304911,0.22000426,8480009
0.4720025,0.082703106,0.10287958,8480011
0.83872354,0.31491914,0.520976,8480012
0.91742367,0.39870667,0.38194916,8480014
0.8609634,0.2269027,0.23595463,8480015
0.87807274,0.3366933,0.5191521,8480018
0.4649803,0.08022674,0.0986783,8480021
0.7930179,0.26137146,0.6256516,8480023
0.6853293,0.07264701,0.12514639,8480025
0.917225,0.32094535,0.45977587,8480027
0.8699176,0.20883828,0.32201108,8480028
0.7873768,0.21072687,0.31731224,8480031
0.31691486,0.025627783,0.1147503,8480032
0.22311221,0.07738379,0.07925866,8480034
0.6552476,0.040865343,0.17100185,8480035
0.8816424,0.11904816,0.59307486,8480036
0.38159496,0.07679077,0.1165128,8480037
0.90113336,0.33840856,0.549715,8480039
0.47213608,0.037112635,0.14248975,8480041
0.6942283,0.055375773,0.21151301,8480043
0.6202559,0.052166793,0.21325617,8480049
0.42316294,0.02847415,0.15192384,8480056
0.3833557,0.030592797,0.12025834,8480058
0.7838759,0.19067389,0.2503215,8480064
0.6360029,0.12459768,0.1533238,8480068
0.88407046,0.23601413,0.8047843,8480069
0.23995222,0.0075619267,0.09233292,8480070
0.31521523,0.024158066,0.1610409,8480071
0.26774853,0.044282045,0.0971295,8480072
0.41264808,0.040391248,0.17676143,8480073
0.6573686,0.14890528,0.17827328,8480074
0.8095494,0.23355903,0.3717561,8480078
0.32210994,0.037302542,0.11479088,8480084
0.85067505,0.15124455,0.20440485,8480113
0.6724092,0.09123212,0.122961454,8480144
0.85459715,0.10862797,0.31021914,8480145
0.19605948,0.026896266,0.12249222,8480157
0.45816135,0.02833349,0.09795537,8480160
0.4991087,0.035468798,0.09571003,8480172
0.40796068,0.016795775,0.118183725,8480184
0.935561,0.1311226,0.23532933,8480185
0.8558022,0.1937524,0.22044805,8480188
0.67103356,0.03346834,0.13623115,8480192
0.34516534,0.015213941,0.1219211,8480196
0.20998819,0.07856355,0.12228436,8480205
0.94739646,0.3008398,0.42512915,8480208
0.3180456,0.08501179,0.12974954,8480216
0.90632856,0.20747243,0.29197097,8480220
0.5237561,0.050788257,0.1809169,8480222
0.41494226,0.056021724,0.11851249,8480226
0.4902168,0.1117875,0.12312534,8480242
0.294686,0.08364479,0.0985718,8480245
0.5766588,0.050680008,0.20942205,8480246
0.43149018,0.08677914,0.12624851,8480252
0.35144323,0.057455946,0.09501093,8480259
0.28578645,0.06061816,0.10917654,8480267
0.720337,0.0725102,0.11112132,8480281
0.7353798,0.123876676,0.14186193,8480289
0.8859353,0.09547718,0.23888057,8480291
0.43773988,0.07038714,0.1050076,8480292
0.27323136,0.032833796,0.098111756,8480306
0.72248524,0.11527702,0.13656549,8480326
0.44283754,0.13137403,0.15128534,8480328
0.7513262,0.06034032,0.18172713,8480336
0.5302431,0.07940162,0.109421514,8480355
0.81949794,0.10128227,0.34715894,8480434
0.26722124,0.013512854,0.09846727,8480439
0.4323647,0.11448793,0.12353166,8480441
0.27688864,0.08155829,0.093458734,8480443
0.6983583,0.11130912,0.15717801,8480448
0.91528565,0.21995403,0.2558453,8480459
0.42449957,0.03323109,0.12525293,8480467
0.5761349,0.06616328,0.13066901,8480468
0.6149859,0.040636826,0.14239106,8480727
0.9226895,0.16437581,0.21135418,8480748
0.7428251,0.18573669,0.18815729,8480762
0.31470215,0.097445056,0.12427979,8480776
0.5455555,0.12123988,0.12783444,8480789
0.78630275,0.0496396,0.19569598,8480796
0.857579,0.21130507,0.29491034,8480797
0.7614186,0.17032567,0.23415504,8480798
0.95352083,0.16325171,0.81069785,8480800
0.9502701,0.39213663,0.44594333,8480801
0.85541433,0.1701696,0.27507082,8480802
0.8744933,0.10776657,0.42400143,8480803
0.597068,0.07066372,0.10732222,8480806
0.69195616,0.03458144,0.14878437,8480807
0.84295505,0.15071921,0.18751706,8480813
0.91978985,0.10709501,0.33136764,8480817
0.43029627,0.018794185,0.13326804,8480820
0.78367263,0.18950307,0.23021631,8480821
0.4581746,0.13872351,0.14871453,8480822
0.28683642,0.011463066,0.09638571,8480823
0.35821918,0.06785619,0.100378774,8480825
0.32009074,0.029450087,0.110325806,8480828
0.9311716,0.18292083,0.3500071,8480829
0.92591476,0.30235463,0.39479318,8480830
0.43508205,0.036207084,0.123388045,8480831
0.6747092,0.15297095,0.17877811,8480833
0.45095846,0.012155463,0.11069488,8480834
0.7499034,0.17856504,0.25799805,8480835
0.39727437,0.06451691,0.1052484,8480836
0.94676083,0.16979513,0.6467004,8480839
0.6888819,0.089584164,0.16733435,8480840
0.47528294,0.07682318,0.117294155,8480844
0.54511106,0.0845063,0.12489159,8480845
0.5492121,0.094985716,0.14287509,8480846
0.6040067,0.08944022,0.11771538,8480848
0.90506196,0.321088,0.38782763,8480849
0.7161546,0.08775493,0.18759306,8480851
0.050627362,0.037195254,0.06584752,8480853
0.88880616,0.111848444,0.19591065,8480855
0.62870103,0.030204361,0.16453731,8480860
0.85891396,0.10819038,0.5349625,8480865
0.4949912,0.070352644,0.089033745,8480870
0.41348523,0.023742115,0.24110071,8480871
0.8366362,0.05904861,0.30166018,8480873
0.49455434,0.031128777,0.15954459,8480874
0.428078,0.028522154,0.17659707,8480878
0.37690657,0.02879448,0.11827711,8480879
0.39662322,0.069117494,0.092406996,8480880
0.5271596,0.015106221,0.21495889,8480883
0.66378456,0.043494243,0.29825723,8480884
0.29181507,0.02771282,0.12582552,8480887
0.3521555,0.07209097,0.10425282,8480890
0.7450687,0.05378471,0.22260337,8480891
0.9440498,0.33230242,0.37558934,8480893
0.54832023,0.09267528,0.1299968,8480901
0.5492509,0.06924415,0.16460119,8480913
0.296161,0.034341026,0.13985844,8480935
0.48244056,0.011759286,0.09920149,8480950
0.30721033,0.04979304,0.10288469,8480979
0.6034919,0.102004625,0.113855265,8480980
0.5896324,0.03559302,0.20816074,8480990
0.7970193,0.1515769,0.19694711,8480995
0.5387151,0.036568265,0.10537756,8481006
0.7293008,0.14051378,0.20449744,8481013
0.84526116,0.07026313,0.23293324,8481014
0.02712686,0.061224807,0.051086273,8481016
0.47538304,0.078398556,0.12436951,8481019
0.505571,0.07906554,0.12708911,8481024
0.77238536,0.08873016,0.20758039,8481028
0.38650465,0.014460196,0.088148795,8481030
0.9107963,0.14080873,0.19318849,8481032
0.64883506,0.12795134,0.18339072,8481042
0.9045716,0.14968981,0.13113722,8481043
0.33846813,0.016186347,0.09255243,8481056
0.6784736,0.10780382,0.16014168,8481058
0.44861007,0.004424964,0.17422046,8481059
0.31381398,0.06780212,0.09487959,8481065
0.8810089,0.20224881,0.22622402,8481068
0.4553016,0.06930771,0.108077936,8481070
0.5488824,0.01694203,0.105805196,8481072
0.27395114,0.049377117,0.10635365,8481077
0.56481344,0.058999646,0.09807878,8481093
0.6957069,0.13309626,0.20971586,8481102
0.59552765,0.028107664,0.10582804,8481122
0.505122,0.08313022,0.10086719,8481133
0.10619958,0.051532622,0.053293582,8481147
0.4487408,0.021763971,0.11093902,8481161
0.56837916,0.0206544,0.09840321,8481167
0.4808566,0.031972293,0.18957697,8481178
0.8092755,0.13538262,0.20732659,8481186
0.25448835,0.029925374,0.09617519,8481206
0.5845039,0.08086693,0.12573723,8481237
0.33500674,0.06560188,0.118937425,8481239
0.269388,0.054751392,0.1024596,8481422
0.39177004,0.05666582,0.09299674,8481433
0.32437626,0.08612757,0.13143,8481441
0.36606374,0.04007076,0.12569894,8481461
0.3747819,0.07905609,0.13899267,8481462
0.60301006,0.08944054,0.104878716,8481477
0.5067992,0.11148257,0.13615267,8481481
0.3147495,0.03475001,0.10395304,8481486
0.37262484,0.08442424,0.11920672,8481491
0.539735,0.071519874,0.08531112,8481517
0.3936413,0.062379476,0.10898382,8481518
0.4419743,0.030037193,0.11478638,8481521
0.8604254,0.13032018,0.23671687,8481522
0.66942966,0.17619812,0.2763973,8481523
0.8668453,0.09331571,0.35329986,8481524
0.47415146,0.04307736,0.13779074,8481525
0.49185854,0.013691579,0.13979669,8481527
0.8997982,0.2530315,0.3526534,8481528
0.84166473,0.14958195,0.2294925,8481532
0.8453182,0.25366622,0.3873334,8481533
0.48592672,0.07171661,0.1253654,8481534
0.5656639,0.08382854,0.17700695,8481535
0.62110907,0.027752174,0.13300097,8481537
0.97410244,0.3645534,0.38554904,8481540
0.46875107,0.024378037,0.14152955,8481541
1.0318903,0.10693431,0.39925766,8481542
0.48575905,0.086110085,0.12959859,8481543
0.79848504,0.070527405,0.24276923,8481546
0.54414564,0.096032694,0.13435654,8481550
0.83902663,0.21317878,0.2783604,8481553
0.81956315,0.20712346,0.27417725,8481554
0.60722595,0.08421598,0.11363041,8481556
0.951253,0.36218813,0.4255274,8481557
0.76162213,0.09942126,0.2131303,8481558
0.86407137,0.46599817,0.6973539,8481559
0.54862267,0.1575143,0.20636098,8481560
0.46165177,0.050827492,0.12797655,8481562
0.56802976,0.019468075,0.15677322,8481563
0.46694216,0.022793477,0.15617257,8481564
0.44729507,0.023234626,0.10871554,8481567
0.755026,0.035203803,0.19301738,8481568
0.51611215,0.027601061,0.1491003,8481572
0.46433973,0.029898418,0.1368851,8481575
0.8203812,0.23378116,0.29231578,8481577
0.43063718,0.08853907,0.1230362,8481578
0.81622964,0.19721104,0.20246585,8481580
0.83599603,0.13641076,0.4576923,8481581
0.76365525,0.223412,0.21878934,8481582
0.4331303,0.09725929,0.09533674,8481585
0.5153812,0.07379965,0.10653872,8481591
0.6546441,0.122409455,0.18532264,8481592
0.5557669,0.03503545,0.13067955,8481593
0.30271465,0.056086164,0.086791314,8481594
0.87734205,0.28835946,0.32949033,8481596
0.8293638,0.07267584,0.315696,8481598
0.36919144,0.016033476,0.13165145,8481599
0.43142748,0.0038350571,0.104604326,8481600
0.8382367,0.20172322,0.27797297,8481601
0.9394792,0.38691747,0.2954948,8481604
0.822842,0.06093025,0.3094568,8481605
0.7840398,0.043855097,0.30375254,8481606
0.5091695,0.03499465,0.13604419,8481607
0.46855244,0.05522925,0.15324236,8481609
0.9012922,0.14469944,0.18807082,8481617
0.8903247,0.20297715,0.26385754,8481618
0.8946716,0.15585493,0.2464032,8481624
0.7992958,0.14121698,0.1598373,8481641
0.51690686,0.09815015,0.123454966,8481649
0.62086004,0.08994337,0.15258865,8481655
0.8308432,0.26755887,0.38163614,8481656
0.60323864,0.037043046,0.18177974,8481679
0.43702817,0.07878115,0.09471924,8481683
0.45241752,0.07649346,0.13182789,8481690
0.43160388,0.024334734,0.13011649,8481701
0.44812512,0.09417233,0.18528734,8481703
0.6324223,0.11787019,0.18652017,8481704
0.6172598,0.042438243,0.19250427,8481708
0.7320747,0.16664906,0.35097966,8481711
0.4439341,0.096326314,0.11731898,8481712
0.94843924,0.34796116,0.32451016,8481716
0.5067812,0.021674579,0.14083557,8481719
0.105459645,0.08948227,0.04902504,8481720
0.6009819,0.12410676,0.16913153,8481725
0.62399274,0.08098905,0.1288754,8481726
0.5317246,0.09207065,0.119909726,8481732
0.3363032,0.04894771,0.10003195,8481737
0.33885482,0.05737218,0.10755051,8481740
0.48020542,0.019245556,0.10410205,8481743
0.22404502,0.084765024,0.091056176,8481751
0.38079184,0.053395767,0.10781465,8481754
0.74746615,0.12669903,0.17198826,8481789
0.43540382,0.027908994,0.11026124,8481806
0.33285668,0.027054032,0.09782622,8481812
0.3972782,0.066018276,0.12006735,8481848
0.800481,0.13475306,0.18020234,8482055
0.64570934,0.09680517,0.16602172,8482061
0.61013836,0.060769532,0.13436405,8482062
0.25411,0.01903597,0.08893388,8482067
0.9017254,0.16169137,0.18640445,8482070
0.3883568,0.03927288,0.12399622,8482072
0.7325566,0.07989365,0.19778922,8482073
0.86556417,0.21976334,0.325301,8482074
1.0447102,0.35055095,0.4250998,8482077
0.94708955,0.40523008,0.638361,8482078
0.8295524,0.21029241,0.29096562,8482079
0.5129235,0.104767665,0.1244357,8482081
0.80373794,0.074947424,0.24236673,8482087
0.413862,0.07575991,0.10432505,8482088
0.8207116,0.19620445,0.2981986,8482089
0.40381175,0.068559684,0.11661149,8482090
0.8878675,0.13159275,0.22244692,8482092
0.92489207,0.40751562,0.4223184,8482093
0.47827014,0.015656373,0.14919128,8482094
0.8475687,0.042300906,0.19343385,8482095
0.8937053,0.2941459,0.341073,8482097
0.15611763,0.025758555,0.091034494,8482101
0.9804169,0.119163,0.2836177,8482102
0.39327675,0.09178537,0.10312729,8482103
0.9269397,0.12944035,0.46594933,8482105
0.8328389,0.35526502,0.39320824,8482109
0.9629986,0.21151994,0.22311614,8482110
0.65657544,0.060653504,0.19353981,8482111
0.88856244,0.2533507,0.36115366,8482113
0.965697,0.2790873,0.5568099,8482116
0.331187,0.09694806,0.13173103,8482117
0.5032403,0.118317425,0.11555412,8482118
0.8149289,0.07703269,0.27225158,8482122
0.8663948,0.26339856,0.352747,8482124
0.66417545,0.13010709,0.15822533,8482125
0.60288054,0.03538393,0.17108187,8482126
0.64924175,0.16766405,0.14803305,8482132
0.3635592,0.09057958,0.116070114,8482133
0.4294178,0.0012296636,0.13987085,8482141
0.7639772,0.052971806,0.25613365,8482142
0.5453575,0.039302263,0.16547894,8482144
0.7894385,0.12538648,0.20812874,8482145
0.71996975,0.2372855,0.26500738,8482146
0.5151951,0.051840935,0.12769587,8482147
0.70913386,0.15909338,0.23701194,8482148
0.8679278,0.29770523,0.35150123,8482149
0.2460906,0.06392213,0.10954603,8482153
0.89278305,0.27881062,0.3142548,8482155
0.85360247,0.15837316,0.20463535,8482157
0.9506203,0.2169607,0.27507535,8482159
0.5981808,0.13006511,0.15812829,8482162
0.45760188,0.027858993,0.15140186,8482165
0.46794096,0.020491904,0.12608722,8482166
0.3873471,0.025041124,0.11787767,8482169
0.4978999,0.12694368,0.11592343,8482172
0.89165056,0.31962368,0.36551657,8482175
0.4612667,0.026004022,0.13849534,8482176
0.6104433,0.09876703,0.14963245,8482177
0.41233712,0.024828767,0.119989805,8482178
0.33534423,0.078166224,0.08674266,8482181
0.15968813,-0.012278895,0.106977396,8482192
0.45594534,0.102021016,0.13556683,8482197
0.76417077,0.1214867,0.1884937,8482201
0.48826513,0.10659147,0.11641271,8482206
0.17209883,0.07499096,0.062030073,8482209
0.5072957,0.09804828,0.14849176,8482213
0.8861253,0.14146653,0.29114679,8482222
0.5955881,0.09022458,0.13529691,8482241
0.73338705,0.03660209,0.17105398,8482245
0.2884635,0.04711133,0.101750575,8482250
0.7158293,0.16485627,0.15481505,8482259
0.26973736,0.02241384,0.07371882,8482399
0.48476928,0.09606203,0.122975804,8482408
0.3800179,0.057226185,0.08897602,8482451
0.5090772,0.11031655,0.11621591,8482452
0.6450138,0.07408558,0.122927316,8482460
0.33726645,0.007253756,0.103893556,8482470
0.637407,0.25405368,0.26427555,8482475
0.77464926,0.11525737,0.13929231,8482476
0.43803278,0.050818097,0.13690689,8482482
0.46325132,0.07152676,0.14056346,8482496
0.77484584,0.060109574,0.2981174,8482511
0.5762174,0.031491917,0.1673089,8482516
0.23658545,0.04799885,0.08922722,8482623
0.6251767,0.05374584,0.22948049,8482624
0.3370043,0.057135258,0.107494555,8482634
0.44975856,0.09795645,0.103249826,8482635
0.5205766,0.03427447,0.16025332,8482641
0.3289189,0.057599287,0.101480044,8482652
0.30330306,0.060310174,0.103075914,8482654
0.7756068,0.076755084,0.2464272,8482655
0.76786846,0.26057184,0.20801054,8482659
0.814647,0.28013316,0.42695206,8482660
0.50407267,0.08133724,0.12293906,8482663
0.9018068,0.2598213,0.38317466,8482665
0.6792415,0.047730107,0.21003121,8482666
0.9394078,0.24177548,0.45691684,8482667
0.9102803,0.086903706,0.40670496,8482671
0.94567484,0.34643987,0.5382077,8482679
0.8664044,0.111499354,0.5397035,8482684
0.7782104,0.12738217,0.19124773,8482691
0.92256385,0.47324327,0.46839064,8482699
0.5293289,0.02895551,0.14825208,8482700
0.85441315,0.30816507,0.41135415,8482702
0.6704171,0.12795736,0.14408769,8482703
0.8815929,0.24344069,0.26865306,8482705
0.3939544,0.005379756,0.11787266,8482711
0.5404606,0.08845215,0.14042564,8482712
0.8494183,0.22863814,0.29396808,8482713
1.0328581,0.26087838,0.3690565,8482720
0.68176174,0.07526482,0.1418414,8482726
0.90478444,0.07362324,0.34501144,8482730
0.33260116,0.019318243,0.18059948,8482733
1.0095053,0.3023774,0.31332,8482737
0.9053765,0.3767516,0.37883195,8482740
0.76762104,0.1461958,0.22952971,8482742
0.70126426,0.18233137,0.16005236,8482744
0.8953835,0.29798037,0.38797325,8482745
0.70468664,0.14061567,0.20766674,8482747
0.69632316,0.1727419,0.19571395,8482749
0.5555326,0.10360628,0.1550835,8482751
0.52118397,0.0979739,0.22018082,8482758
0.90106136,0.05645332,0.32752335,8482762
0.5425879,0.16352402,0.1645441,8482763
0.563693,0.13373722,0.18787093,8482765
0.70158195,0.13273811,0.20848532,8482768
0.5194717,0.11784211,0.15828569,8482775
0.4547573,0.092272274,0.119804434,8482784
0.80517644,0.09708246,0.32987276,8482785
0.269684,0.059774075,0.094790585,8482787
0.7517151,0.06974795,0.3067437,8482803
0.6956524,0.047285806,0.21359938,8482807
0.85338455,0.30524355,0.40674824,8482809
0.36426747,0.021196878,0.096197315,8482824
0.43606,0.102617905,0.13586469,8482834
0.6835002,0.016871145,0.17914985,8482858
0.6640584,0.079013854,0.15121567,8482859
0.2964279,0.0023966779,0.08805833,8482861
0.17504282,0.0013208736,0.10398028,8482866
0.554673,0.08377116,0.13311568,8482896
0.7297338,0.024708366,0.15142746,8482929
0.5116302,0.034698565,0.07981277,8482964
0.5130394,0.12300591,0.15332325,8483012
0.36258113,0.024025014,0.112060435,8483017
0.6077575,0.08361145,0.1349425,8483395
0.48748758,0.039848182,0.115395255,8483397
0.2796086,0.0021152247,0.18377587,8483398
0.27362677,0.09765431,0.14851731,8483406
0.5756211,0.11949807,0.17251779,8483424
0.7231146,0.040519606,0.14537571,8483425
0.65192103,0.07158332,0.28489998,8483429
0.89552706,0.23860574,0.41089815,8483431
0.64792514,0.06876699,0.22469166,8483432
0.4241417,0.08205196,0.090556346,8483445
0.8103488,0.11978415,0.17935207,8483447
0.52183723,0.046945777,0.17198753,8483448
0.5169726,0.108478226,0.13782062,8483450
0.808379,0.08898409,0.4330372,8483457
0.3161788,0.012728934,0.1104875,8483460
0.88243157,0.23095101,0.31001687,8483464
0.48311755,0.10675916,0.15878485,8483465
0.5058943,0.064173065,0.16230255,8483466
0.55109257,0.051348608,0.18161532,8483467
0.82836264,0.2393743,0.2699499,8483468
-0.06315635,0.041208234,0.009813885,8483471
0.56292284,0.048565093,0.15712349,8483472
0.6996715,0.2210665,0.22283027,8483476
0.60460466,0.11509876,0.15307659,8483481
0.43041036,0.024384966,0.12876992,8483482
0.7316797,0.06327274,0.23640704,8483485
0.63458294,0.1610083,0.19580528,8483487
0.71459395,0.14078225,0.20502709,8483489
0.7500727,0.07487867,0.2834947,8483490
0.52623904,0.13553028,0.16853164,8483491
0.8699277,0.105538465,0.23732635,8483493
0.52575696,0.041351628,0.16263019,8483495
0.76202965,0.28856778,0.2544532,8483497
0.32288164,0.0536539,0.11002321,8483499
0.53890485,0.11800648,0.16379718,8483500
0.49522603,0.04250944,0.15349379,8483503
0.8240203,0.21692915,0.3356547,8483505
0.6797294,0.057919074,0.33353093,8483506
0.55166894,0.13375223,0.1705002,8483512
0.7766453,0.20692629,0.34963787,8483515
0.72855276,0.19894338,0.27970093,8483516
0.94386154,0.19964361,0.30555302,8483524
0.5510971,0.083334796,0.122345634,8483531
0.3514334,0.020871377,0.11679759,8483546
0.30707535,0.023009976,0.13468882,8483549
0.71938294,0.09122012,0.15573123,8483553
0.548188,0.02981115,0.13941169,8483565
0.40661624,0.064466566,0.11848729,8483567
0.36649215,0.016557252,0.19941205,8483569
0.19919635,0.0440933,0.09791892,8483570
0.42717192,0.08796541,0.1503049,8483573
0.3335404,0.051905338,0.078630574,8483597
0.5457456,0.12067126,0.10113684,8483609
0.28627214,0.01742301,0.097306855,8483619
0.41515654,0.029037846,0.13758625,8483620
0.3639809,0.061316613,0.10099853,8483630
0.35257775,0.05187607,0.08284304,8483641
0.62769,0.04354826,0.18323039,8483678
0.51014376,0.09673217,0.14871635,8483733
0.5637772,0.052002724,0.17012681,8483763
0.43022972,0.031301532,0.1436404,8483768
0.8450282,0.22693856,0.25508896,8483808
0.37882087,0.07480782,0.11605256,8483920
0.61399776,0.11050875,0.15720272,8483930
0.5599742,0.14071482,0.17075896,8484125
0.31403327,0.03435601,0.14124502,8484135
0.4105617,0.08425695,0.1281666,8484136
0.8556958,0.36974218,0.5856953,8484144
0.96144795,0.32175776,0.46569845,8484145
0.6061362,0.067329206,0.18822259,8484150
0.48218063,0.03142811,0.14580436,8484152
0.82073873,0.25087225,0.3186514,8484153
0.7470764,0.16754103,0.22051147,8484164
0.87043583,0.29900798,0.3394751,8484166
0.55821645,0.14299433,0.1535293,8484180
0.7660148,0.23549244,0.22482203,8484186
0.66113645,0.15046704,0.21919864,8484197
0.68116313,0.14761256,0.26399744,8484203
0.69860303,0.19571596,0.22310832,8484210
0.6557736,0.15304464,0.16686778,8484221
0.8359501,0.2013253,0.30399513,8484227
0.5175064,0.13430819,0.13126355,8484234
0.50708926,0.13538769,0.16898255,8484241
0.42751497,0.025400406,0.15032332,8484254
0.28826794,0.06198095,0.091693036,8484255
0.25953442,0.02242685,0.07620945,8484256
0.5552299,0.063582756,0.19674079,8484258
0.38488123,0.051781792,0.110230215,8484259
0.33021653,0.02173165,0.12481477,8484287
0.63641596,0.054641318,0.15363619,8484304
0.50343627,0.081197925,0.11840498,8484314
0.54616743,0.020595005,0.13943945,8484321
0.3871627,0.06910855,0.10392063,8484325
0.30926245,0.02311418,0.11626885,8484326
0.9535461,0.35759762,0.50527483,8484387
0.3828774,0.06956071,0.10797147,8484406
0.8278506,0.018110832,0.33004436,8484768
0.6210253,0.1755,0.18952782,8484779
0.71316606,0.054763783,0.25835514,8484783
0.90652245,0.42312357,0.6226019,8484801
0.7800495,0.10149489,0.21966244,8484821
0.36630678,0.060346264,0.11246201,8484829
0.640657,0.13340852,0.18651477,8484911
0.5142615,0.10808909,0.151287,8484929
0.36034,0.077706404,0.11089619,8484938
0.7204801,0.16100101,0.26836646,8484958
0.4696923,0.062449675,0.10856692,8484976
0.6739466,0.22111282,0.2669883,8484984
0.5205743,0.08849646,0.16427362,8485105
0.44482896,0.08073501,0.09975494,8485483
0.43779647,0.095204346,0.12084014,8485511
0.47320795,0.071638964,0.14016204,8485512
